9781591844464,The 100 Best Business Books of All Time," Jack & Satterson, Todd Covert",BUSINESS
9780451215932,The 13Th Juror, John Lescroart,FICTION OTHER
9781591844105,168 Hours, Laura Vanderkam,BUSINESS
9780451524935,1984 : Signet Classics, George Orwell,FICTION OTHER
9780451457998,2001: A Space Odyssey, Arthur C. Clarke,FICTION OTHER
9780451530530,41 Stories, O. Henry,CLASSICS
9780140143508, Charing Cross Road 84, Helene Hanff,BIOGRAPHY/MEMOIR
9780670022939,A Decade of Hope, Dennis Smith,
9781847491312,A strange Manuscript Found, James de Mille,CLASSICS
9781408828472,A Twitter Year : 365 Days in 140 Charact, Kate Bussmann,NON-FICTION GENERAL
9781591844013,The Accidental Creative, Todd Henry,BUSINESS
9780451529534,Aesop'S Fables,Aesop,CLASSICS
9781591841272,After the Trade Is Made ( Revised Ed.), David Weiss,BUSINESS
9781408817001,Age of Deception : Nuclear Diplomacy in, Mohamed ElBaradei,HISTORY/POLITICS
9780747596394, The Age of Shiva, Manil Suri,FICTION LITERARY
9780451171351, The Agony And The Ecstasy, Irving Stone,FICTION OTHER
9781408809594,Alex's Adventures in Numberland, Alex Bellos,NON-FICTION GENERAL
9781408809624,All Kinds of Magic, Piers Moore Ede,NON-FICTION GENERAL
9780451206664,Always In My Heart, Catherine Anderson,FICTION OTHER
9780715638187,Amazing Story Quantum Mechanics, James Kakalios,POPULAR SCIENCE
9780515143171,Angels Fall, Nora Roberts,ROMANCE
9780142419403,Anna and the French Kiss, Stephanie Perkins,
9780451528612,Anna Karenina, Leo Tolstoy,FICTION OTHER
9780451191137,Anthem, Ayn Rand,FICTION OTHER
9780747574989,Anthony Bourdain Omnibus, Anthony Bourdain,COOKERY FOOD DRINK
9781903436615,Arden Shakespeare Complete Works : Stude, William ; Thompso Shakespeare,DRAMA & THEATRE
9781585428809,Are All Guys Assholes?,Amber Madison,NON-FICTION GENERAL
9780452281547, The Art Of Fiction, Ayn Rand,FICTION OTHER
9781585428496, The Art of Intuition, Sophy Burnham,SELF HELP/DIY
9780142001103, The Art Of Possibility, Rosamund Stone & Zande Zander,BUSINESS
9781591840565, The Art Of The Start, Guy Kawasaki,BUSINESS
9780451526786,As You Like It, William Shakespeare,DRAMA & THEATRE
9780451191144,Atlas Shrugged, Ayn Rand,FICTION OTHER
9780451528100, The Autobiography And Other Writings, Benjamin Franklin,BIOGRAPHY/MEMOIR
9780451947673,Ayn Rand Box Set : Atlas Shrugged / The, Ayn Rand,FICTION OTHER
9780451232175,Ayn Rand's Anthem (graphic novel),"Charles & Rand, Ayn  & Santino",FICTION OTHER
9781408813164,Battle Hymn of the Tiger Mother, Amy Chua,NON-FICTION GENERAL
9781408828984,Battle Hymn of the Tiger Mother, Amy Chua,NON-FICTION GENERAL
9781573225625,Be Still And Know, Thich Nhat Hanh,RELIGION/MYTHOLOGY/PHILOSOPHY/
9781847490070,Beat Generation, Jack Kerouac,CLASSICS
9781594487842,Beijing Welcomes You, Tom Scocca,NON-FICTION GENERAL
9781408162477,Best Handwriting for ages 10-11, Andrew Brodie,ACTIVITY
9781408162446,Best Handwriting for ages 4-5, Andrew Brodie,ACTIVITY
9781408162453,Best Handwriting for ages 5-6, Andrew Brodie,ACTIVITY
9781408162460,Best Handwriting for ages 6-7, Andrew Brodie,ACTIVITY
9781408162422,Best Handwriting for ages 7-8, Andrew Brodie,ACTIVITY
9781408162392,Best Handwriting for ages 9-10, Andrew Brodie,ACTIVITY
9781591843856,Best Practices Are Stupid, Stephen M.Shapiro,BUSINESS
9781846881282,Bestseller, Alessandro Gallenzi,FICTION OTHER
9780140245226,Beyond Machiavelli, Roger Fisher,BUSINESS
9780143037781,Beyond Reason : Using Emotions as You Ne, Roger Fisher,PSYCHOLOGY
9781846880780,Beyond the Blossoming Fields, Junichi Watanabe,FICTION OTHER
9780451528445,Bhagavad-Gita:,Anonymous,POETRY
9780451528216, The Bible'S Greatest Stories,Anonymous,FICTION OTHER
9780735204188, The Big Book of How to Say It Kids, Richard Heyman,SELF HELP/DIY
9780735204034, The Big Book of How to Say It, Jack Griffin,SELF HELP/DIY
9780525952091, A Billion Wicked Thoughts," Sai And Ogas, Ogi Gaddam",PSYCHOLOGY
9781617230028,Biopunk, Marcus Wohlsen,POPULAR SCIENCE
9780515137118,Birthright, Nora Roberts,FICTION OTHER
9780670022649,Black Milk, Elif Shafak,BIOGRAPHY/MEMOIR
9780515138658,Black Rose, Nora Roberts,FICTION OTHER
9781408814970,Bleeding Hearts, Alyxandra Harvey,FICTION FANTASY SFF
9781847490698,Blind Owl, Sadegh Hedayat,CLASSICS
9780515143805,Blood Brothers : Sign of Seven Trilogy 1, Nora Roberts,ROMANCE
9780425239742,Blood Wyne : book 9, Yasmine Galenorn,PARANORMAL
9780515138559,Blue Dahlia, Nora Roberts,FICTION OTHER
9780451210753,Blue Skies, Catherine Anderson,FICTION OTHER
9780515141399,Blue Smoke, Nora Roberts,FICTION OTHER
9780425231982,Bone Magic : Book 7, Yasmine Galenorn,FICTION FANTASY SFF
9780140286809,Borges: Collected Fictions, Jorge Luis Borges,FICTION OTHER
9780515114690,Born In Fire, Nora Roberts,FICTION OTHER
9780515116755,Born In Ice, Nora Roberts,FICTION OTHER
9780515117790,Born In Shame, Nora Roberts,FICTION OTHER
9780451165213,Born To Win, Muriel James,PSYCHOLOGY
9781408801376,Boy Called Mouse, Penny Dolan,CHILD YOUNG ADULT FICTION
9780451212160,Bright Eyes, Catherine Anderson,FICTION OTHER
9781591843979,Built to Sell, John Warrillow,BUSINESS
9781408800874,Burnt Shadows, Kamila Shamsie,FICTION LITERARY
9781408128114,Business : The Ultimate Resource, Ahdaf Soueif,BUSINESS
9781408826072, Our Revolution Cairo : My City, Anatole Kaletsky,HISTORY/POLITICS
9781408809730,Capitalism 4.0, Bob Lutz,MANAGEMENT
9781591844006,Car Guys vs. Bean Counters, Nora Roberts,BUSINESS
9780515130386,Carolina Moon, Vicki Mackenzie,FICTION OTHER
9780747543893,Cave In The Snow, John Lescroart,BIOGRAPHY/MEMOIR
9780451217769, A Certain Justice," Matthew & Adamson, Bren Dixon",FICTION OTHER
9781591844358, The Challenger Sale," Thomas & Rowley, Wi Middleton",BUSINESS
9780713668841, The : New Mermaids Changeling, Erich Von Daniken,DRAMA & THEATRE
9780425074817,Chariots Of The Gods, Nora Roberts,RELIGION/MYTHOLOGY/PHILOSOPHY/
9780515136265,Chesapeake Blue, Mikal E. Belicove,FICTION OTHER
9781615641185, 2E CIG to Facebook, Jennifer Abernethy,NON-FICTION GENERAL
9781592579891,CIG to Social Media Marketing, Catherine Anderson,NON-FICTION GENERAL
9780451226730,Comanche Heart, Catherine Anderson,FICTION HISTORICAL
9780451233455,Comanche Magic, Catherine Anderson,FICTION HISTORICAL
9780451224187,Comanche Moon, Elizabeth Gilbert,ROMANCE
9781408809457,Committed : A Love Story, Thomas Paine,BIOGRAPHY/MEMOIR
9780451528896, The Rights Of Man And Othe Common Sense, Karl Marx,RELIGION/MYTHOLOGY/PHILOSOPHY/
9780451531841, The Communist Manifesto," Karl; Engels, Friedrich Marx",RELIGION/MYTHOLOGY/PHILOSOPHY/
9780143106265, The (Classics Dlx) Communist Manifesto, Oscar Wilde,HISTORY/POLITICS
9780451531070,Complete Fairy Tales of Oscar Wilde : Si, Khaled Hosseini,FICTION OTHER
9781408818862,Complete Khaled Hosseini (box set), Edgar Allan Poe,FICTION LITERARY
9780451531056, The Complete Poetry of Edgar Allan Poe, Keith Johnson,POETRY
9781585428656,Confidence Solution, Nadine Gordimer,BUSINESS
9780747578246,Conservationist, Catherine Coulter,FICTION LITERARY
9780451198501, The Countess, Catherine Coulter,FICTION OTHER
9780515127218, The Courtship, Arthur Miller,FICTION OTHER
9780142437339, The Crucible, James Rickards,FICTION OTHER
9781591844495,Currency Wars," Jonathan A. & Greenwald, Knee",BUSINESS
9781591843900, The Curse of the Mogul, Kamin Mohammadi,BUSINESS
9781408817018,Cypress Tree, Nora Roberts,BIOGRAPHY/MEMOIR
9780515141665,Dance of the Gods, Nora Roberts,FICTION OTHER
9780515131222,Dance Upon The Air, Daniel Goleman,FICTION OTHER
9780747574569,Daniel Goleman Omnibus, Nora Roberts,NEW AGE
9780515119206,Daring To Dream, Angie Sage,FICTION OTHER
9781408807507,Darke : Septimus Heap Book 6, Yasmine Galenorn,CHILDREN'S FICTION
9780425218938,Darkling : book 3, Rachel Caine,PARANORMAL
9780451220899,Dead Girls' Dance : Morganville Vampires, John Lescroart,PARANORMAL
9780451214270,Dead Irish, Ariel Dorfman,FICTION OTHER
9780140246841,Death & the Maiden : Tie-In Edition (Pla, Arthur Miller,FICTION OTHER
9780141180977,Death of a Salesman, Arthur Miller,DRAMA & THEATRE
9780140481341,Death of a Salesman, Manil Suri,DRAMA & THEATRE
9780747593812, The Death of Vishnu, Louis Ferdinand Celine,FICTION LITERARY
9781847490414,Death on Credit, Virginia Henley,CLASSICS
9780451225429, The Decadent Duke, David Foenkinos,ROMANCE
9781408827574,Delicacy, Yasmine Galenorn,FICTION OTHER
9780425228647,Demon Mistress : book 6, Richard S. Tedlow,PARANORMAL
9781591843917,Denial, Daniel Goleman,BUSINESS
9780747561828,Destructive Emotions (B), Mikhail Bulgakov,NEW AGE
9781847491534,Diaboliad, Mark Twain,CLASSICS
9781847490902,Diaries of Adam and Eve, Jonathan Swift,CLASSICS
9781847491756,Directions to Servants,Devra Davis,CLASSICS
9780452297449,Disconnect, Dante Alighieri,HEALTHCARE/MEDICAL
9780142437223,Divine Comedy 1 : Inferno, Dante Alighieri,CLASSICS
9780140444421,Divine Comedy 2 : Purgatory, Robert Menasse,CLASSICS
9781846880810,Don Juan de la Mancha, Yasmine Galenorn,FICTION OTHER
9780425222393,Dragon Wytch : book 4, Lisa See,PARANORMAL
9781408822296,Dreams of Joy, Frank Herbert,FICTION OTHER
9780441172719,Dune, Frank Herbert,FICTION OTHER
9780441172696,Dune Messiah, Ayn Rand,FICTION OTHER
9780451214652, The : Revised Edition : Early Ayn Rand, Catherine Anderson,FICTION LITERARY
9780451228741,Early Dawn, Andy Kessler,FICTION FANTASY SFF
9781591843771,Eat People, Elizabeth Gilbert,BUSINESS
9780747585664," Pray, Love Eat", Elizabeth Gilbert,TRAVEL
9781408809365," Pray, Love (Movie tie edition) Eat", Michael Ellsberg,TRAVEL
9781591844204, The Education of Millionaires," William, Jr. Strunk",BUSINESS
9780143112723, The Elements of Style, Daniel Goleman,REFERENCE
9780747528302,Emotional Intelligence (B), Ian Bremmer,NEW AGE
9781591844402, The End of the Free Market, Roger Lowenstein,BUSINESS
9780143118725, The End of Wall Street, Anthony McCarten,BUSINESS
9781846880636,English Harem, Michael Ondaatje,FICTION OTHER
9780747572596,English Patient,Euripides,FICTION LITERARY
9780451527004,Euripides, Megan Stack,DRAMA & THEATRE
9781408810002,Every Man in This Village is a Liar : An, Hugh Macleod,NON-FICTION GENERAL
9781591843849,Evil Plans, Frederick Taylor,BUSINESS
9781408812389,Exorcising Hitler : The Occupation and D, Erich von Daniken,HISTORY/POLITICS
9780425151303,Eyes of the Sphinx : The Newest Evidence, Nora Roberts,NON-FICTION GENERAL
9780515132878,Face The Fire, J.K. Rowling,FICTION OTHER
9781408803011,Fantastic Beasts & Where to Find Them :, Mikhail Bulgakov,CHILDREN'S FICTION
9781847491848,Fatal Eggs, Rachel Caine,CLASSICS
9780451224637, B Feast of Fools : Morganville Vampires, Colman Andrews,PARANORMAL
9781592406685,Ferran, Steven Ascher,NON-FICTION GENERAL
9780452286788, The : A Comprehens Filmmaker's Handbook, Nora Roberts,CINEMA
9780515120875,Finding The Dream, Howard Jacobson,FICTION OTHER
9781408809938,Finkler Question, Nassir Ghaemi,FICTION OTHER
9781594202957,First Rate Madness, D.H. Lawrence,PSYCHOLOGY
9781847490056,First Women in Love,  Antony John,CLASSICS
9780142419434,Five Flavors of Dumb, Lara Chapman,CHILDREN'S FICTION
9781408819616,Flawless, Angie Sage,CHILD YOUNG ADULT FICTION
9780747584490,Flyte : Septimus Heap 2, Gareth Moore,FICTION FANTASY SFF
9781408828793,Footloose, Ayn Rand,FICTION OTHER
9780451163080,For The New Intellectual, Ayn Rand,RELIGION/MYTHOLOGY/PHILOSOPHY/
9780451191151, The Fountainhead, Thich Nhat Hanh,FICTION OTHER
9781573227964,Fragrant Palm Leaves, Kazuki Ebine,RELIGION/MYTHOLOGY/PHILOSOPHY/
9780143120247,Gandhi, Alan Drew,BIOGRAPHY/MEMOIR
9780747596578,Gardens of Water," Andrew & Richardson, J Brodie",FICTION OTHER
9781408162408,Get Ready for Year 1," Andrew & Richardson, J Brodie",ACTIVITY
9781408162385,Get Ready for Year 2," Andrew & Richardson, J Brodie",ACTIVITY
9781408162354,Get Ready for Year 3," Andrew & Richardson, J Brodie",ACTIVITY
9781408162378,Get Ready for Year 5," Andrew & Richardson, J Brodie",ACTIVITY
9781408162330,Get Ready for Year 6," Andrew & Richardson, J Brodie",ACTIVITY
9781408162347,Get Ready for Year 7, David Allen,ACTIVITY
9780142000281,Getting Things Done," Roger, Ury, W. & Patto Fisher",BUSINESS
9780140157352,Getting to Yes," Roger & Ury, William L Fisher",BUSINESS
9780143118756,Getting to Yes : Negotiating Agreement W," & Ladinsky, Daniel (Tra Hafiz",BUSINESS
9780140195811, The Gift, Robert Graysmith,RELIGION/MYTHOLOGY/PHILOSOPHY/
9780425239759, The Girl in Alfred Hitchock's Shower, Yasutaka Tsutsui,NON-FICTION GENERAL
9781846881343,Girl Who Leapt through Time, Rachel Caine,FICTION OTHER
9780451219947,Glass Houses, J. D. Robb,FICTION OTHER
9780425150986,Glory In Death, Thich Nhat Hanh,FICTION OTHER
9781573228305,Going Home, A.C. Grayling,RELIGION/MYTHOLOGY/PHILOSOPHY/
9780747599609,Good Book : A Secular Bible, Joe Nocera,NON-FICTION GENERAL
9781591844396,Good Guys & Bad Guys, Ford Madox Ford,BUSINESS
9781847491381,Good Soldier, Tibor Fischer,CLASSICS
9781846880841,Good to Be God, Richard L. Brandt,FICTION OTHER
9781591844129, The Google Guys, Cecily Von Ziegesar ,BUSINESS
9780747563426,Gossip Girl, Cecily Von Ziegesar,FICTION OTHER
9780747596967,Gossip Girl 10 : Would I Lie to You?, Cecily Von Ziegesar,CHILDREN'S FICTION
9780747596950,Gossip Girl 11 : Don't You Forget About, Cecily Von Ziegesar ,CHILDREN'S FICTION
9780747563433,Gossip Girl 2 : You Know You Love Me, Cecily Von Ziegesar ,FICTION OTHER
9780747565055,Gossip Girl 3 : All I Want Is Everything, Cecily Von Ziegesar ,FICTION OTHER
9780747565062,Gossip Girl 4 : Because I'M Worth It, Cecily Von Ziegesar ,FICTION OTHER
9780747576075,Gossip Girl 5 : I Like It Like That, Cecily Von Ziegesar ,FICTION OTHER
9780747576082,Gossip Girl 6 : You'Re The One That I Wa, Cecily Von Ziegesar,FICTION OTHER
9780747576099,Gossip Girl 7 : Nobody Does It Better, Cecily Von Ziegesar ,FICTION OTHER
9780747576105,Gossip Girl 8 : Nothing Can Keep Us Toge, Cecily Von Ziegesar,FICTION OTHER
9780747596974,Gossip Girl 9 : Only in Your Dreams,0,CHILDREN'S FICTION
9781408815410,Great Disruption, Mary Ann Shaffer,NON-FICTION GENERAL
9781408810262,Guernsey Literary & Potato Peel Pie Soci, Nathan Jendrick,FICTION OTHER
9781615640997,Gym-Free and Ripped, Mark Walden,
9781408815649,H.I.V.E. 7 : Aftershock,Andrew Brodie,CHILDREN'S FICTION
9781408162620,Handwriting Today Book 1,Andrew Brodie,ACTIVITY
9781408162323,Handwriting Today Book 2, John Lescroart,ACTIVITY
9780451206466,Hard Evidence, Franklin W. Dixon,FICTION OTHER
9780448089010,Hardy Boys 01 : The Tower Treasure, Franklin W. Dixon,FICTION OTHER
9780448089027,Hardy Boys 02 : The House On The Cliff, Franklin W. Dixon,FICTION OTHER
9780448089034,Hardy Boys 03 : The Secret Of The Old Mi, Franklin W. Dixon,FICTION OTHER
9780448089041,Hardy Boys 04 : The Missing Chums, Franklin W. Dixon,FICTION OTHER
9780448089058,Hardy Boys 05 : Hunting For Hidden Gold, Franklin W. Dixon,FICTION OTHER
9780448089065,Hardy Boys 06 : The Shore Road Mystery, Franklin W. Dixon,FICTION OTHER
9780448089072,Hardy Boys 07 : The Secret Of The Caves, Franklin W. Dixon,FICTION OTHER
9780448089089,Hardy Boys 08 : The Mystery Of Cabin Isl, Franklin W. Dixon,FICTION OTHER
9780448089096,Hardy Boys 09 : The Great Airport Myster, Franklin W. Dixon,FICTION OTHER
9780448089102,Hardy Boys 10 : What Happened At Midnigh, Franklin W. Dixon,FICTION OTHER
9780448089119,Hardy Boys 11: While The Clock Ticked, Franklin W. Dixon,FICTION OTHER
9780448089126,Hardy Boys 12: Footprints Under The Wind, Franklin W. Dixon,FICTION OTHER
9780448089133,Hardy Boys 13: The Mark On The Door, Franklin W. Dixon,FICTION OTHER
9780448089140,Hardy Boys 14: The Hidden Harbor Mystery, Franklin W. Dixon,FICTION OTHER
9780448089157,Hardy Boys 15: The Sinister Signpost, Franklin W. Dixon,FICTION OTHER
9780448089164,Hardy Boys 16: A Figure In Hiding, Franklin W. Dixon,FICTION OTHER
9780448089171,Hardy Boys 17: The Secret Warning, Franklin W. Dixon,FICTION OTHER
9780448089188,Hardy Boys 18: The Twisted Claw, Franklin W. Dixon,FICTION OTHER
9780448089195,Hardy Boys 19: The Disappearing Floor, Franklin W. Dixon,FICTION OTHER
9780448089201,Hardy Boys 20: Mystery Of The Flying Exp, Franklin W. Dixon,FICTION OTHER
9780448089218,Hardy Boys 21: The Clue Of The Broken Bl, Franklin W. Dixon,FICTION OTHER
9780448089225,Hardy Boys 22: The Flickering Torch Myst, Franklin W. Dixon,FICTION OTHER
9780448089232,Hardy Boys 23: The Melted Coins, Franklin W. Dixon,FICTION OTHER
9780448089249,Hardy Boys 24: The Short-Wave Mystery, Franklin W. Dixon,FICTION OTHER
9780448089256,Hardy Boys 25 : The Secret Panel, Franklin W. Dixon,FICTION OTHER
9780448089263,Hardy Boys 26: The Phantom Freighter, Franklin W. Dixon,FICTION OTHER
9780448089270,Hardy Boys 27: The Secret Of Skull Mount, Franklin W. Dixon,FICTION OTHER
9780448089287,Hardy Boys 28: The Sign Of The Crooked A, Franklin W. Dixon,FICTION OTHER
9780448089294,Hardy Boys 29: The Secret Of The Lost Tu, Franklin W. Dixon,FICTION OTHER
9780448089300,Hardy Boys 30: The Wailing Siren Mystery, Franklin W. Dixon,FICTION OTHER
9780448089317,Hardy Boys 31: The Secret Of Wildcat Swa, Franklin W. Dixon,FICTION OTHER
9780448089324,Hardy Boys 32 : The Crisscross Shadow, Franklin W. Dixon,FICTION OTHER
9780448089331,Hardy Boys 33: The Yellow Feather Myster, Franklin W. Dixon,FICTION OTHER
9780448089348,Hardy Boys 34: The Hooded Hawk Mystery, Franklin W. Dixon,FICTION OTHER
9780448089355,Hardy Boys 35: The Clue In The Embers, Franklin W. Dixon,FICTION OTHER
9780448089362,Hardy Boys 36: The Secret Of Pirates' Hi, Franklin W. Dixon,FICTION OTHER
9780448089379,Hardy Boys 37: The Ghost At Skeleton Roc, Franklin W. Dixon,FICTION OTHER
9780448089386,Hardy Boys 38: Mystery At Devil'S Paw, Franklin W. Dixon,FICTION OTHER
9780448089393,Hardy Boys 39 : The Mystery Of The Chine, Franklin W. Dixon,FICTION OTHER
9780448089409,Hardy Boys 40: Mystery Of The Desert Gia, Franklin W. Dixon,FICTION OTHER
9780448089416,Hardy Boys 41: The Clue Of The Screechin, Franklin W. Dixon,FICTION OTHER
9780448089423,Hardy Boys 42: The Viking Symbol Mystery, Franklin W. Dixon,FICTION OTHER
9780448089430,Hardy Boys 43: The Mystery Of The Aztec, Franklin W. Dixon,FICTION OTHER
9780448089447,Hardy Boys 44: The Haunted Fort, Franklin W. Dixon,FICTION OTHER
9780448089454,Hardy Boys 45: The Mystery Of The Spiral, Franklin W. Dixon,FICTION OTHER
9780448089461,Hardy Boys 46: The Secret Agent On Fligh, Franklin W. Dixon,FICTION OTHER
9780448089478,Hardy Boys 47: Mystery Of The Whale Tatt, Franklin W. Dixon,FICTION OTHER
9780448089485,Hardy Boys 48: The Arctic Patrol Mystery, Franklin W. Dixon,FICTION OTHER
9780448089492,Hardy Boys 49: The Bombay Boomerang, Franklin W. Dixon,FICTION OTHER
9780448089508,Hardy Boys 50: Danger On Vampire Trail, Franklin W. Dixon,FICTION OTHER
9780448089515,Hardy Boys 51: The Masked Monkey, Franklin W. Dixon,FICTION OTHER
9780448089522,Hardy Boys 52 : The Shattered Helmet, Franklin W. Dixon,FICTION OTHER
9780448089539,Hardy Boys 53: The Clue Of The Missing S, Franklin W. Dixon,FICTION OTHER
9780448089546,Hardy Boys 54: The Mysterious Caravan, Franklin W. Dixon,FICTION OTHER
9780448089553,Hardy Boys 55 : The Witchmaster'S Key, Franklin W. Dixon,FICTION OTHER
9780448089560,Hardy Boys 56: The Jungle Pyramid, Franklin W. Dixon,FICTION OTHER
9780448089577,Hardy Boys 57: The Firebird Rocket, Franklin W. Dixon,FICTION OTHER
9780448089584,Hardy Boys 58 : The Sting Of The Scorpio, Franklin W. Dixon,FICTION OTHER
9780448436968,Hardy Boys 59 : Night of the Werewolf, Franklin W. Dixon,CHILDREN'S FICTION
9780448436975,Hardy Boys 60 : Mystery of the Samurai S, Franklin W. Dixon,CHILDREN'S FICTION
9780448436982,Hardy Boys 61 : The Pentagon Spy, Franklin W. Dixon,CHILDREN'S FICTION
9780448436999,Hardy Boys 62 : The Apeman's Secret, Franklin W. Dixon,FICTION OTHER
9780448437002,Hardy Boys 63 : The Mummy Case, Franklin W. Dixon,CHILDREN'S FICTION
9780448437019,Hardy Boys 64 : Mystery of Smugglers Cov, Franklin W. Dixon,CHILDREN'S FICTION
9780448437026,Hardy Boys 65 : The Stone Idol, Franklin W. Dixon,CHILDREN'S FICTION
9780448437033,Hardy Boys 66 : The Vanishing Thieves, J.K. Rowling,CHILDREN'S FICTION
9780747595830,Harry Potter & the Deathly Hallows (PB), J.K. Rowling,FICTION FANTASY SFF
9781408810293,Harry Potter & the Deathly Hallows Celeb, J K Rowling,FICTION FANTASY SFF
9780747584681,Harry Potter & The Half-Blood Prince  (P, J.K. Rowling,FICTION FANTASY SFF
9780747532743,Harry Potter & The Philosopher'S Stone, J.K Rowling,FICTION FANTASY SFF
9781408810552,Harry Potter and the Chamber of Secrets, J.K. Rowling,FICTION FANTASY SFF
9780747538486,Harry Potter And The Chamber Of Secrets, J.K Rowling,FICTION FANTASY SFF
9781408810606,Harry Potter and the Deathly Hallows, J.K Rowling,FICTION FANTASY SFF
9781408810576,Harry Potter and the Goblet of Fire, J. K. Rowling,FICTION FANTASY SFF
9780747550990,Harry Potter And The Goblet Of Fire, J.K Rowling,FICTION FANTASY SFF
9781408810583,Harry Potter and the Half-Blood Prince, J.K Rowling,FICTION FANTASY SFF
9781408810590,Harry Potter and the Order of the Phoeni, J. K. Rowling,FICTION FANTASY SFF
9780747561071,Harry Potter And The Order Of The Phoeni, J.K. Rowling,FICTION FANTASY SFF
9781408810545,Harry Potter and the Philosopher's Stone, J. K. Rowling,FICTION FANTASY SFF
9780747558194,Harry Potter And The Philosopher's Stone, J.K Rowling,FICTION FANTASY SFF
9781408810569,Harry Potter and the Prisoner of Azkaban, J.K. Rowling,FICTION FANTASY SFF
9780747546290,Harry Potter And The Prisoner Of Azkaban, J.K Rowling,FICTION FANTASY SFF
9781408812525,Harry Potter Signature Edition Boxed Set,Gautier/Baudelaire,FICTION FANTASY SFF
9781847490933, Wine and Opium Hashish, Alyxandra Harvey,CLASSICS
9781408811313,Haunting Violet, Nora Roberts,CHILDREN'S FICTION
9780515128550,Heart Of The Sea, Nora Roberts,FICTION OTHER
9780515132021,Heaven & Earth, Catherine Coulter,FICTION OTHER
9780451206824,Heir : Coulter Historical Romance, Catherine Coulter,FICTION OTHER
9780515111316, The Heiress Bride, Michael Perino,FICTION OTHER
9780143120032, The Hellhound of Wall Street, Catherine Coulter,BUSINESS
9780515109740, The Hellion Bride, Catherine Anderson,FICTION OTHER
9780451232410,Here to Stay : A Harrigan Family Novel, Nora Roberts,ROMANCE
9780515116069,Hidden Riches, Nora Roberts,FICTION OTHER
9780515144680,High Noon, Alberto Manguel,ROMANCE
9780140166545, The History of Reading, Mark Walden,HISTORY/POLITICS
9781408815908,HIVE : 1 - Higher Institute of Villainou, Mark Walden,CHILDREN'S FICTION
9781408815915,HIVE : 2 - The Overlord Protocol, Mark Walden,CHILDREN'S FICTION
9781408815922,HIVE : 3 - Escape Velocity, Mark Walden,CHILDREN'S FICTION
9781408815939,HIVE : 4 - Dreadnought, Mark Walden,CHILDREN'S FICTION
9781408815946,HIVE : 5 - Rogue, Mark Walden,CHILDREN'S FICTION
9781408815953,HIVE : 6 - Zero Hour, Nora Roberts,CHILDREN'S FICTION
9780515120004,Holding The Dream, Louis Sachar,FICTION OTHER
9780747544593,Holes (Pbk), J. D. Robb,CINEMA
9780425163719,Holiday In Death, Nora Roberts,FICTION OTHER
9780515144598," The : Sign of Seven Trilogy, Boo Hollow", Nora Roberts,FICTION OTHER
9780515124897,Homeport, Roshi Fernando,FICTION OTHER
9781408826362,Homesick, Jean Fritz,FICTION OTHER
9780142407615,Homesick : My Own Story, Nora Roberts,CLASSICS
9780515110975,Honest Illusions," Roger & Smith, Tom Connors",FICTION OTHER
9781591844143,How Did That Happen?, Sonja Lyubomirsky,MANAGEMENT
9780143114956, The : A New Approach t How of Happiness, Nikolai Gogol,NON-FICTION GENERAL
9781847491732,How the Two Ivans Quarelled, Richard Montauk,CLASSICS
9780735204508,How To Get Into the Top MBA Programs, Leslie T. Giblin,REFERENCE
9780134106717,How To Have Confidence And Power In Deal, Robert Greenberg,SELF HELP/DIY
9780452297081,How to Listen to Great Music, Jack Griffin,MUSIC
9780735204546,How to Say It: Be Indispensable at Work,  Fyodor Dostoevsky,BUSINESS
9781847490452,Humiliated and Insulted,Hafiz,CLASSICS
9780143037811,I Heard God Laughing : Poems of Hope & J, Jeanne Bliss,POETRY
9781591844419,I Love You More Than My Dog, Izzeldin Abuelaish,BUSINESS
9781408814147,I Shall Not Hate : A Gaza Doctor's Journ, Gordon S. Wood,TRAVEL
9781594202902,Idea of America : Reflections on the Bir,Homer,HISTORY/POLITICS
9780451530691, The Iliad, Charlotte Bronte,POETRY
9780142005149,Illustrated Jane Eyre, J. D. Robb,FICTION OTHER
9780425153789,Immortal In Death, Catherine Anderson,FICTION OTHER
9780451229724,Indigo Blue, Virginia Henley,FICTION HISTORICAL
9780451219114,Infamous,Dante Alighieri,FICTION OTHER
9780451531391, The : Signet Classics Inferno, Nora Roberts,POETRY
9780515124217,Inner Harbor, Virginia Henley,FICTION OTHER
9780451213457,Insatiable, Norman Lewis,ROMANCE
9780451166470,Instant Word Power, David Thorne,REFERENCE
9781585428816, The Internet is a Playground, H. G. Wells,HUMOUR
9780451531674,Invisible Man : Signet Classics, Virginia Henley,CLASSICS
9780451230508,Irish Duke, Padma Venkatraman,ROMANCE
9780399250996,Island's End, Roy M  Jr. Spence,
9781591844471, It's What You St It's Not What You Sell," Jack & Ginsberg, Alle Kerouac",BUSINESS
9780143119548,Jack Kerouac & Allen Ginsberg," Emily & Halpin, Bren Franklin",BIOGRAPHY/MEMOIR
9781408816301,Jenna & Jonah's Fauxmance, Paul Johnson,CHILD YOUNG ADULT FICTION
9780143118770,Jesus,Pope Benedict XVI,BIOGRAPHY/MEMOIR
9780747593782,Jesus of Nazareth, Nora Roberts,RELIGION/MYTHOLOGY/PHILOSOPHY/
9780515126778,Jewels Of The Sun, Louis Ferdinand C˜line,FICTION OTHER
9781847491183,Journey to the End of the Night, Harold Levine,CLASSICS
9780451193964, The Joy Of Vocabulary, Nadine Gordimer,REFERENCE
9780747578383,July's People, Patti Smith,FICTION LITERARY
9780747568766,Just Kids, Franz Kakfa,NON-FICTION GENERAL
9781847491947,Kafka Selected Letters, Kamila Shamsie,CLASSICS
9780747561507,Kartography, Whitley Strieber,FICTION LITERARY
9781585428694,Key : A True Encounter, Nora Roberts,
9780515136371,Key Of Knowledge, Nora Roberts,FICTION OTHER
9780515136289,Key Of Light, Nora Roberts,FICTION OTHER
9780515136531,Key Of Valor, Robert Louis & Seel Stevenson,FICTION OTHER
9780451531438,Kidnapped : Signet Classics, Anthony Bourdain,CLASSICS
9780747553557,Kitchen Confidential, Khaled Hosseini,BIOGRAPHY/MEMOIR
9780747566533,Kite Runner," Khaled & Celoni, Fab Hosseini",FICTION LITERARY
9781408815250,Kite Runner : Graphic Novel, Khaled Hosseini,FICTION LITERARY
9781408824856,Kite Runner (Rejacketed), Jennifer Ashley,FICTION LITERARY
9780425235454,Lady Isabella's Scandalous Marriage, Victor Hugo,FICTION OTHER
9781847491176,Last Day of a Condemned Man, Abdulrazak Gurnah,CLASSICS
9781408815182,Last Gift, James Fenimore Cooper,FICTION OTHER
9780140390247,Last of The Mohicans,Halpern Belle / Lubar Kathy,CLASSICS
9781592400867,Leadership Presence,Young,BUSINESS
9780399536663,Learn Something Every Day, Leonard Maltin,REFERENCE
9780451234476,Leonard Maltin's 2012 Movie Guide, Robert M. Pirsig,
9781846880117,Lila : An Inquiry into Morals, Sanjay Patel,FICTION OTHER
9780452287754, The : From Little Book of Hindu Deities, Nora Roberts,RELIGION/MYTHOLOGY/PHILOSOPHY/
9780515137811, A Little Fate, Nora Roberts,FICTION OTHER
9780515135244, A Little Magic, Louisa Alcott,FICTION OTHER
9780451529305,Little Women, Thich Nhat Hanh,CLASSICS
9781594482397, Living Christ 10th Annive Living Buddha, Dmitry Bykov,RELIGION/MYTHOLOGY/PHILOSOPHY/
9781846881268,Living Souls, Rachel Caine,FICTION OTHER
9780451225726, Lord of Misrule : Morganville Vampires, William Golding,PARANORMAL
9780399501487,Lord of The Flies, Ruiyan Xu,FICTION OTHER
9781408809952,Lost & Forgotten Languages of Shanghai, Jane Austen,FICTION OTHER
9781847490926,Love and Friendship, Daniel Ladinsky,CLASSICS
9780142196120,Love Poems from God, J. D. Robb,POETRY
9780425171400,Loyalty In Death," William  ; Muir, Shakespeare",FICTION OTHER
9781903436486,Macbeth : Arden Shakespeare: Second Seri, Harvey Mackay,FICTION OTHER
9781591843870,Mackay MBA of Selling in the Real World, Catherine Coulter,BUSINESS
9780515124200,Mad Jack,"Akio, Reingold,E.M., Sh Morita",FICTION OTHER
9780451151711,Made In Japan, Angie Sage,BIOGRAPHY/MEMOIR
9780747579267,Magyk : Septimus Heap 1, Angie Sage,CHILDREN'S FICTION
9781408800553,Magykal Papers : Septimus Heap, Kimberly Cutter,CHILDREN'S FICTION
9781408817322,Maid, Helen Simonson,FICTION OTHER
9781408809556,Major Pettigrew's Last Stand, Gina Cerminara,FICTION OTHER
9780451168177,Many Mansions : The Edgar Cayce Story on, Frank Dikotter,RELIGION/MYTHOLOGY/PHILOSOPHY/
9781408810033,Mao's Great Famine, Anita Jain,HISTORY/POLITICS
9780747596158,Marrying Anita,  Jeffrey Bussgang,BIOGRAPHY/MEMOIR
9781591844440,Mastering the VC Game, Richard Miniter,BUSINESS
9781595230720,Mastermind, Ricky Martin,HISTORY/POLITICS
9780451234438,Me, Anthony Bourdain,BIOGRAPHY/MEMOIR
9781408809747,Medium Raw : A Bloody Valentine to the W, Aminatta Forna,COOKERY FOOD DRINK
9781408809655,Memory of Love, Tom McCarthy,FICTION OTHER
9781846880568,Men in Space, Andrew Brodie,FICTION OTHER
9780713686470,Mental Maths Every Day 10-11, Andrew Brodie,EDUC EARLY CHILD
9780713685916,Mental Maths Every Day 5-6, Andrew Brodie,EDUC EARLY CHILD
9780713686548,Mental Maths Every Day 6-7, Andrew Brodie,EDUC EARLY CHILD
9780713686531,Mental Maths Every Day 7-8, Andrew Brodie,EDUC EARLY CHILD
9780713686494,Mental Maths Every Day 8-9, Andrew Brodie,EDUC EARLY CHILD
9780713686487,Mental Maths Every Day 9-10, William Shakespeare,EDUC EARLY CHILD
9780451526809, The Merchant of Venice, Keith Jeffery,DRAMA & THEATRE
9781408810057,MI6 : The History of the Secret Intellig, Keith Jeffery,NON-FICTION GENERAL
9781408813157,MI6 : The History of the Secret Intellig, Paul Christopher,HISTORY/POLITICS
9780451411860,Michelangelo'S Notebook, Jeffrey Eugenides,FICTION OTHER
9781408825693,Middlesex (Reissue), Rachel Caine,FICTION OTHER
9780451222381, B Midnight Alley : Morganville Vampires, Nora Roberts,PARANORMAL
9780515133974,Midnight Bayou, Louis Ferrante,FICTION OTHER
9781591843986,Mob Rules, Marguerite Duras,BUSINESS
9781847490520,Moderato Cantabile, Ben Tarnoff,CLASSICS
9781594202872,Moneymakers, Nora Roberts,HISTORY/POLITICS
9780515120615,Montana Sky, Nora Roberts,FICTION OTHER
9780515138313,Moon Shadows, Sebastian Mallaby,FICTION OTHER
9781408809754,More Money Than God : Hedge Funds and th, Sebastian Mallaby,BUSINESS
9781408807347,More Money Than God : Hedge Funds and th, Catherine Anderson,NON-FICTION GENERAL
9780451222770,Morning Light, Susan Abulhawa,ROMANCE
9781408809488,Mornings in Jenin, Thomas W. Young,FICTION OTHER
9780425242254,Mullah's Storm, Victoria Thompson,THRILLER
9780425222058,Murder In Chinatown, Victoria Thompson,THRILLER
9780425216064,Murder in Little Italy, Victoria Thompson,THRILLER
9780425168967,Murder on Astor Place : Gaslight Mystery, Victoria Thompson,THRILLER
9780425228371,Murder on Bank Street, Victoria Thompson,THRILLER
9780425178867,Murder on Gramercy Park : Gaslight Myste, Victoria Thompson,THRILLER
9780425206102,Murder on Lenox Hill, Victoria Thompson,FICTION OTHER
9780425241875,Murder on Lexington Avenue : Gaslight My, Victoria Thompson,THRILLER
9780425198704,Murder on Marble Row, Victoria Thompson,THRILLER
9780425189108,Murder on Mulberry Bend, Victoria Thompson,THRILLER
9780425173619,Murder on St. Mark's Place, Victoria Thompson,THRILLER
9780425184301,Murder on Washington Square : Gaslight M, Victoria Thompson,THRILLER
9780425235201,Murder on Waverly Place : Gaslight Myste, Catherine Anderson,THRILLER
9780451213808,My Sunshine, Eric Carle,ROMANCE
9780399245107,My Very First Book Of Words, J. D. Robb,TODDLER
9780425148297,Naked In Death, Carolyn G. Keene,FICTION OTHER
9780448095011,Nancy Drew 01 : The Secret Of The Old Cl, Carolyn G. Keene,FICTION OTHER
9780448095028,Nancy Drew 02 : The Hidden Staircase, Carolyn G. Keene,FICTION OTHER
9780448095035,Nancy Drew 03 : The Bungalow Mystery, Carolyn G. Keene,FICTION OTHER
9780448095042,Nancy Drew 04 : The Mystery At Lilac Inn, Carolyn G. Keene,FICTION OTHER
9780448095059,Nancy Drew 05 : The Secret Of Shadow Ran, Carolyn G. Keene,FICTION OTHER
9780448095066,Nancy Drew 06 : The Secret Of Red Gate F, Carolyn G. Keene,FICTION OTHER
9780448095073,Nancy Drew 07 : The Clue In The Diary, Carolyn G. Keene,FICTION OTHER
9780448095080,Nancy Drew 08 : Nancy'S Mysterious Lette, Carolyn G. Keene,FICTION OTHER
9780448095097,Nancy Drew 09 : The Sign Of The Twisted, Carolyn G. Keene,FICTION OTHER
9780448095103,Nancy Drew 10 : The Passsword To Larkspu, Carolyn G. Keene,FICTION OTHER
9780448095110,Nancy Drew 11: The Clue Of The Broken Lo, Carolyn G. Keene,FICTION OTHER
9780448095127,Nancy Drew 12: The Message In The Hollow, Carolyn G. Keene,FICTION OTHER
9780448095134,Nancy Drew 13: The Mystery Of The Ivory, Carolyn G. Keene,FICTION OTHER
9780448095141,Nancy Drew 14: The Whispering Statue, Carolyn G. Keene,FICTION OTHER
9780448095158,Nancy Drew 15: The Haunted Bridge, Carolyn G. Keene,FICTION OTHER
9780448095165,Nancy Drew 16: The Clue Of The Tapping H, Carolyn G. Keene,FICTION OTHER
9780448095172,Nancy Drew 17: The Mystery Of The Brass-, Carolyn G. Keene,FICTION OTHER
9780448095189,Nancy Drew 18: The Mystery Of The Moss-C, Carolyn G. Keene,FICTION OTHER
9780448095196,Nancy Drew 19: The Quest Of The Missing, Carolyn G. Keene,FICTION OTHER
9780448095202,Nancy Drew 20: The Clue In The Jewel Box, Carolyn G. Keene,FICTION OTHER
9780448095219,Nancy Drew 21: The Secret In The Old Att, Carolyn G. Keene,FICTION OTHER
9780448095226,Nancy Drew 22: The Clue In The Crumbling, Carolyn G. Keene,FICTION OTHER
9780448095233,Nancy Drew 23 : The Mystery Of The Tolli, Carolyn G. Keene,FICTION OTHER
9780448095240,Nancy Drew 24: The Clue In The Old Album, Carolyn G. Keene,FICTION OTHER
9780448095257,Nancy Drew 25: The Ghost Of Blackwood Ha, Carolyn G. Keene,FICTION OTHER
9780448095264,Nancy Drew 26: The Clue Of The Leaning C, Carolyn G. Keene,FICTION OTHER
9780448095271,Nancy Drew 27: The Secret Of The Wooden, Carolyn G. Keene,FICTION OTHER
9780448095288,Nancy Drew 28: The Clue Of The Black Key, Carolyn G. Keene,FICTION OTHER
9780448095295,Nancy Drew 29: The Mystery At The Ski Ju, Carolyn G. Keene,FICTION OTHER
9780448095301,Nancy Drew 30: The Clue Of The Velvet Ma, Carolyn G. Keene,FICTION OTHER
9780448095318,Nancy Drew 31: The Ringmaster'S Secret, Carolyn G. Keene,FICTION OTHER
9780448095325,Nancy Drew 32: The Scarlet Slipper Myste, Carolyn G. Keene,FICTION OTHER
9780448095332,Nancy Drew 33: The Witch Tree Symbol, Carolyn G. Keene,FICTION OTHER
9780448095349,Nancy Drew 34: The Hidden Window Mystery, Carolyn G. Keene,FICTION OTHER
9780448095356,Nancy Drew 35: The Haunted Showboat, Carolyn G. Keene,FICTION OTHER
9780448095363,Nancy Drew 36: The Secret Of The Golden, Carolyn G. Keene,FICTION OTHER
9780448095370,Nancy Drew 37: The Clue In The Old Stage, Carolyn G. Keene,FICTION OTHER
9780448095387,Nancy Drew 38: The Mystery Of The Fire D, Carolyn G. Keene,FICTION OTHER
9780448095394,Nancy Drew 39: The Clue Of The Dancing P, Carolyn G. Keene,FICTION OTHER
9780448095400,Nancy Drew 40: The Moonstone Castle Myst, Carolyn G. Keene,FICTION OTHER
9780448095417,Nancy Drew 41: The Clue Of The Whistling, Carolyn G. Keene,FICTION OTHER
9780448095424,Nancy Drew 42: The Phantom Of Pine Hill, Carolyn G. Keene,FICTION OTHER
9780448095431,Nancy Drew 43: The Mystery Of The 99 Ste, Carolyn G. Keene,FICTION OTHER
9780448095448,Nancy Drew 44: The Clue In The Crossword, Carolyn G. Keene,FICTION OTHER
9780448095455,Nancy Drew 45: The Spider Sapphire Myste, Carolyn G. Keene,FICTION OTHER
9780448095462,Nancy Drew 46: The Invisible Intruder, Carolyn G. Keene,FICTION OTHER
9780448095479,Nancy Drew 47: The Mysterious Mannequin, Carolyn G. Keene,FICTION OTHER
9780448095486,Nancy Drew 48: The Crooked Banister, Carolyn G. Keene,FICTION OTHER
9780448095493,Nancy Drew 49: The Secret Of Mirror Bay, Carolyn G. Keene,FICTION OTHER
9780448095509,Nancy Drew 50: The Double Jinx Mystery, Carolyn G. Keene,FICTION OTHER
9780448095516,Nancy Drew 51: The Mystery Of The Glowin, Carolyn G. Keene,FICTION OTHER
9780448095523,Nancy Drew 52: The Secret Of The Forgott, Carolyn G. Keene,FICTION OTHER
9780448095530,Nancy Drew 53: The Sky Phantom, Carolyn G. Keene,FICTION OTHER
9780448095547,Nancy Drew 54 : The Strange Message In T, Carolyn G. Keene,FICTION OTHER
9780448095554,Nancy Drew 55: The Mystery Of Crocodile, Carolyn G. Keene,FICTION OTHER
9780448095561,Nancy Drew 56: The Thirteenth Pearl, Carolyn Keene,FICTION OTHER
9780448436883,Nancy Drew 57 : The Triple Hoax, Carolyn Keene,CHILDREN'S FICTION
9780448436890,Nancy Drew 58 : The Flying Saucer Myster, Carolyn Keene,CHILDREN'S FICTION
9780448436906,Nancy Drew 59 : The Secret in the Old La, Carolyn Keene,CHILDREN'S FICTION
9780448436913,Nancy Drew 60 : The Greek Symbol Mystery, Carolyn Keene,CHILDREN'S FICTION
9780448436920,Nancy Drew 61 : The Swami's Ring, Carolyn Keene,CHILDREN'S FICTION
9780448436937,Nancy Drew 62 : The Kachina Doll Mystery, Carolyn Keene,CHILDREN'S FICTION
9780448436944,Nancy Drew 63 : The Twin Dilemma, Carolyn Keene,CHILDREN'S FICTION
9780448436951,Nancy Drew 64 : Captive Witness, Felix Dennis,CHILDREN'S FICTION
9781591843733, The Narrow Road," Donald & Boswell, John Dell",BUSINESS
9781591843467,Never Make the First Offer,American Heritage Editors,ECONOMY
9780425099759,New Roget's Thesaurus In Dictionary Form, Yasmine Galenorn,REFERENCE
9780425225462,Night Huntress : book 5, Ayn Rand,PARANORMAL
9780452264861, The Night of January 16Th, William Dalrymple,DRAMA & THEATRE
9781408801246,Nine Lives : In Search of the Sacred in, Nora Roberts,TRAVEL
9780515139747,Northern Lights, John Lescroart,FICTION OTHER
9780451202857,Nothing But The Truth, Ryan Blair,FICTION OTHER
9781591844037, Everything to Gain Nothing to Lose, Virginia Henley,BIOGRAPHY/MEMOIR
9780451221056,Notorious, John Lescroart,ROMANCE
9780451207647, The Oath,Homer,FICTION OTHER
9780451530684, The Odyssey," Charles & Busch, Fred Dickens",POETRY
9780451529718,Oliver Twist : 200th Anniversary Edition, Michael Pollan,CLASSICS
9781408812181,Omnivore's Dilemma : The Search for a Pe, David Mamet,NON-FICTION GENERAL
9780140127225,On Directing Film, Nora Roberts,ART & ARCHITECTURE
9780515122411,Once Upon A Castle, Nora Roberts,FICTION OTHER
9780515129472,Once Upon A Dream, Nora Roberts,FICTION OTHER
9780515133868,Once Upon A Kiss (Anthology), Nora Roberts,FICTION OTHER
9780515136197,Once Upon A Midnight (Anthology), Nora Roberts,FICTION OTHER
9780515127003,Once Upon A Star, Freddie Wilkinson,FICTION OTHER
9780451233318,One Mountain Thousand Summits, Hanan Al-Shaykh,SPORTS
9781408826041,One Thousand and One Nights, Catherine Anderson,FICTION HISTORICAL
9780451207944,Only By Your Touch, Ben Macintyre,FICTION OTHER
9781408809211,Operation Mincemeat : The True Spy Story, Charles Darwin,HISTORY/POLITICS
9780451529060, The Origin Of Species, Selma Dabbagh,POPULAR SCIENCE
9781408821305,Out of it, S.E. Hinton,FICTION OTHER
9780140385724, The Outsiders, Nora Roberts,CHILD YOUNG ADULT FICTION
9780515144666, The : The Sign of Seven Tri Pagan Stone, Kerry Young,ROMANCE
9781408812075,Pao, Yasutaka Tsutsui,FICTION OTHER
9781846880773,Paprika, John Milton,FICTION OTHER
9780451531643,Paradise Lost and Paradise Regained : Si," J. M. & Lurie, Alison Barrie",POETRY
9780451520883,Peter Pan : Signet Classics, Catherine Anderson,CLASSICS
9780451220684,Phantom Waltz, Ayn Rand,FICTION OTHER
9780451138934,Philosophy : Who Needs It?, Angie Sage,RELIGION/MYTHOLOGY/PHILOSOPHY/
9780747587637,Physik : Septimus Heap 3, Stephen Kelman,FICTION OTHER
9781408810637,Pigeon English, Katie Hickman,FICTION OTHER
9781408809860,Pindar Diamond, Charles Moore,FICTION OTHER
9781583334249,Plastic Ocean," Thomas & Klein, Dani Cathcart",POPULAR SCIENCE
9780143113874,Plato and a Platypus Walk into a Bar . ., Tishani Doshi,HUMOUR
9781408809839, The Pleasure Seekers, Fyodor Deostoevsky,FICTION OTHER
9781847491909,Poor People, Claire Dederer,CLASSICS
9781408822043,Poser : A Mother's Life in Twenty-Three, Amanda Owen,HEALTHCARE/MEDICAL
9781585428175,Power of Receiving : A Revolutionary App, Jennifer Ashley,SELF HELP/DIY
9780425245040,Pride Mates, Jennifer Ashley,
9780425240786,Primal Bondsà, Romesh Gunesekera,
9781408825662,Prisoner of Paradise, Nora Roberts,FICTION OTHER
9780515114003,Private Scandals, Denis Waitley,FICTION OTHER
9780425099995, The Psychology Of Winning, Angie Sage,SELF HELP/DIY
9780747594147,Queste : Septimus Heap 4, Geoffrey Wawro,CHILDREN'S FICTION
9780143118831,Quicksand, Alexander Terekhov,HISTORY/POLITICS
9781846880537,Rat Killer (The), Virginia Henley,
9780451207371,Ravished," Alissa  & Leah, J. Dubo Cohen",ROMANCE
9781583334379,Raw Food for Everyone, Catherine Coulter,COOKERY FOOD DRINK
9780451218001, The Rebel Bride, Nora Roberts,FICTION OTHER
9780515139402,Red Lily, William Embleton,FICTION OTHER
9781408112113,Reeds : Reeds Engineering Knowledge :, Leslie Jackson,REFERENCE
9780713667318,Reeds 10 : Instrumentation & Cont. (excl, Thomas D. Morton,
9780713669473,Reeds 12 : Motor Engineering (excl), E A Stokoe,REFERENCE
9780713667349,Reeds 4 : Marine Engineering (excl), E. A. Stokoe,NON-FICTION GENERAL
9780713671780,Reeds 5 : Ship Construction (excl), Edmund G.R. Kraal,NON-FICTION GENERAL
9780713668384,Reeds 6 : Basic Electrotechnology (excl),E G R Kraal,
9780713676846,Reeds 7 : Advanced Electrotechnology (ex, Leslie Jackson,SPORTS
9780713682649,Reeds 8 : General Engineering (excl), Thomas D. Morton,
9780713667363,Reeds 9 : Steam Engineering Know. (excl), Nora Roberts,
9780515126082,Reef, Ahdaf Soueif,FICTION OTHER
9789992142806,Reflections, Nora Roberts,ART & ARCHITECTURE
9780425195475,Remember When, Ito Ogawa,FICTION OTHER
9781846881497, The Restaurant of Love Regained, Michael Moritz,FICTION OTHER
9780715638880,Return to the Little Kingdom : Steve Job, George S. Clason,BUSINESS
9780451205360,Richest Man In Babylon, Toby Wilkinson,BUSINESS
9781408810026,Rise & Fall of Ancient Egypt, Nora Roberts,HISTORY/POLITICS
9780515123173,Rising Tides, Hugh Fearnley-Whittingstall,FICTION OTHER
9781408812129,River Cottage Veg Every Day!, Nora Roberts,COOKERY FOOD DRINK
9780515127836,River's End, Ayn Rand,FICTION OTHER
9780451149169, The Romantic Manifesto, Laurie Viera Rigler,RELIGION/MYTHOLOGY/PHILOSOPHY/
9781408813065,Rude Awakenings of a Jane Austen Addict, Hunter S. Thompson,FICTION OTHER
9781408814673,Rum Diary (Movie Tie In), Michael Ondaatje,FICTION OTHER
9781408801451,Running in the Family, Todd G. Buchholz,FICTION OTHER
9781594630774,Rush : Why You Need and Love the Rat Rac," Alexander & Clarke, R Pushkin",SOCIOLOGY
9781847491305,Ruslan & Lyudmila : Oneworld Classics, Nora Roberts,CLASSICS
9780515122732,Sanctuary, Baroness Orczy & Hopp Emmuska,FICTION OTHER
9780451527622,Scarlet Pimpernel : Signet Classics, Twesigye Jackson Kaguri,CLASSICS
9780143119128, A School for My Village, Catherine Coulter,BIOGRAPHY/MEMOIR
9780515129939, The Scottish Bride, Nora Roberts,FICTION OTHER
9780515121841,Sea Swept, Maureen Myant,FICTION OTHER
9781846881039,Search, John Lescroart,FICTION OTHER
9780451211415, The Second Chair, D.H. Lawrence,FICTION OTHER
9781847490193,Second Lady Chatterley's Lover, Juan Gabriel Vàsquez,CLASSICS
9781408809877,Secret History of Costaguana, J. D. Robb,FICTION OTHER
9780425181461,Seduction In Death, Angie Sage,FICTION OTHER
9780747598862,Septimus Heap : Syren : Bk. 5, Barbara Trapido,CHILDREN'S FICTION
9781408809815,Sex & Stravinsky, Kachi A. Ozumba,FICTION OTHER
9781846880971,Shadow of a Smile (The), Janny Scott,
9781594487972,Singular Woman, Lisa See,BIOGRAPHY/MEMOIR
9781408821626,Snow Flower & the Secret Fan : Film ti, Alice Schroeder,FICTION OTHER
9780747596493, The : Warren Buffett and the B Snowball, Luis De Gongora,BIOGRAPHY/MEMOIR
9780143106388, The (Classics hardcover) Solitudes, Madeline Miller,POETRY
9781408817025,Song of Achilles, Ursula James,FICTION OTHER
9781585428786,Source : A Journey to the Heart of Your, Andrew Brodie,SELF HELP/DIY
9781408162606,Spelling Today for Ages 10-11, Andrew Brodie,ACTIVITY
9781408162613,Spelling Today for Ages 5-6, Andrew Brodie,ACTIVITY
9781408162576,Spelling Today for Ages 6-7, Andrew Brodie,ACTIVITY
9781408162583,Spelling Today for Ages 7-8, Andrew Brodie,ACTIVITY
9781408162590,Spelling Today for Ages 8-9, Andrew Brodie,ACTIVITY
9781408162569,Spelling Today for Ages 9-10, Anthony McCarten,ACTIVITY
9781846880353,Spinners, Danah Zohar,FICTION OTHER
9780747570486,Spiritual Capital, John Masefield,RELIGION/MYTHOLOGY/PHILOSOPHY/
9780141191607,Spunyarn : Sea Poetry and Prose : Pengui, Catherine Anderson,CLASSICS
9780451225719,Star Bright," Jamie & Bizony, Piers Doran",ROMANCE
9781408815540,Starman : The Truth Behind the Legend of, Ann Patchett,NON-FICTION GENERAL
9781408818756,State of Wonder, Karen Blumenthal,FICTION OTHER
9781408832066,Steve Jobs the Man Who Thought Different, Alyxandra Harvey,BIOGRAPHY/MEMOIR
9781408811320,Stolen Away : Drake Chronicles, Anton Chekhov,CHILD YOUNG ADULT FICTION
9781847491893,Story of a Nobody, Patricia Duncker,CLASSICS
9781408809563,Strange Case of the Composer & His Judge, Tennessee Williams,FICTION OTHER
9780451167781, A Streetcar Named Desire, Tennessee Williams,DRAMA & THEATRE
9781408106044, A : Student Edit Streetcar Named Desire," Heidi Grant  Ph.D., Halvorson",DRAMA & THEATRE
9781594630736,Succeed : How We Can Reach Our Goals, Andrew Clancy,SELF HELP/DIY
9781591844044,Success Gurus, David Acord,NON-FICTION GENERAL
9780399536984,Success Secrets of Sherlock Holmes, Catherine Anderson,SELF HELP/DIY
9780451217103,Summer Breeze, Magarete Beim,FICTION OTHER
9780425239452,Super Horoscopes 2012 : Aquarius, Magarete Beim,NEW AGE
9780425239353,Super Horoscopes 2012 : Aries, Magarete Beim,NEW AGE
9780425239384,Super Horoscopes 2012 : Cancer, Magarete Beim,NEW AGE
9780425239445,Super Horoscopes 2012 : Capricorn, Magarete Beim,NEW AGE
9780425239377,Super Horoscopes 2012 : Gemini, Magarete Beim,NEW AGE
9780425239391,Super Horoscopes 2012 : Leo, Magarete Beim,NEW AGE
9780425239414,Super Horoscopes 2012 : Libra, Magarete Beim,NEW AGE
9780425239469,Super Horoscopes 2012 : Pisces, Magarete Beim,NEW AGE
9780425239438,Super Horoscopes 2012 : Sagittarius, Magarete Beim,NEW AGE
9780425239421,Super Horoscopes 2012 : Scorpio, Magarete Beim,NEW AGE
9780425239360,Super Horoscopes 2012 : Taurus, Magarete Beim,NEW AGE
9780425239407,Super Horoscopes 2012 : Virgo, Jeff Ryan,NEW AGE
9781591844051,Super Mario, Catherine Anderson,
9780451220691,Sweet Nothings," Trish & MacGregor, MacGregor",FICTION OTHER
9780451233622,Sydney Omarr's 2012 : Aquarius," Trish & MacGregor, MacGregor",NEW AGE
9780451233653,Sydney Omarr's 2012 : Aries," Trish & MacGregor, MacGregor",NEW AGE
9780451233677,Sydney Omarr's 2012 : Cancer," Trish & MacGregor, MacGregor",NEW AGE
9780451233721,Sydney Omarr's 2012 : Capricorn," Trish & MacGregor, MacGregor",NEW AGE
9780451233660,Sydney Omarr's 2012 : Gemini," Trish & MacGregor, MacGregor",NEW AGE
9780451233684,Sydney Omarr's 2012 : Leo," Trish & MacGregor, MacGregor",NEW AGE
9780451233707,Sydney Omarr's 2012 : Libra," Trish & MacGregor, MacGregor",NEW AGE
9780451233639,Sydney Omarr's 2012 : Pisces," Trish & MacGregor, MacGregor",NEW AGE
9780451233738,Sydney Omarr's 2012 : Sagittarius," Trish & MacGregor, MacGregor",NEW AGE
9780451233714,Sydney Omarr's 2012 : Scorpio," Trish & MacGregor, MacGregor",NEW AGE
9780451233646,Sydney Omarr's 2012 : Taurus," Trish & MacGregor, MacGregor",NEW AGE
9780451233691,Sydney Omarr's 2012 : Virgo," Trish & MacGregor, MacGregor",NEW AGE
9780451234032,Sydney Omarr's Astrological Guide 2012, Derek Lin,NEW AGE
9781585428151,Tao of Success : The Five Ancient Rings, Nora Roberts,SELF HELP/DIY
9780515128543,Tears Of The Moon, John J. Murphy,FICTION OTHER
9780735200661,Technical Analysis of The Financial Mark, Casey Treat,BUSINESS
9780425242933,The 3 Essentials, Louis Sachar,
9781408808511,The Cardturner, James Hanley,FICTION OTHER
9781847491343,The Closed Harbour, Sofia Tolstoy,CLASSICS
9781846881022,The Diaries of Sofia Tolstoy, John Lescroart,BIOGRAPHY/MEMOIR
9780451210227,The First Law, Niki Segnit,FICTION OTHER
9780747599777,The Flavour Thesaurus, Paul Gilding,FOOD
9781408822180,The Great Disruption : How the Climate C, Charles Dickens,ECOLOGY/ENVIRONMENT
9781847491015,The Haunted House, John Lescroart,CLASSICS
9780451204899,The Hearing, Timothy Taylor,FICTION OTHER
9780452297524,The Instant Economist, Emili Rosales,BUSINESS
9781846880902,The Invisible City, Giovanni Boccaccio,THRILLER
9781847490919,The Life of Dante, Charles Dickens,CLASSICS
9781847491664,The Life of Our Lord, D.H. Lawrence,CLASSICS
9781847491626,The Lost Girl, Jennifer Ashley,CLASSICS
9780425244463,The Madness of Lord Ian Mackenzie, Keith Devlin,
9781408824443,The Man of Numbers : Fibonacci's Arithme, Jennifer Ashley,NON-FICTION GENERAL
9780425240496,The Many Sins of Lord Cameron," Eric & Lowry, Adam, Conl Ryan",
9781591843993,The Method Method, Ambrose Bierce,
9781847490704,The Monk and the Hangman's Daughter, Craig Hickman,CLASSICS
9781591843481,The Oz Principal, Jim Holtje,BUSINESS
9780735204607,The Power of Storytelling,  Napoleon Hill,BUSINESS
9781585429141,The Prosperity Bible, Arthur Conan Doyle,SELF HELP/DIY
9781847491930,The Tragedy of the Korosko, Steven Lynch,CLASSICS
9781408155998,The Wisden Guide to International Cricke, Anton Chekhov,SPORTS
9781847490810,The Woman in the Case, Martin Esslin,CLASSICS
9780413760500, The Theatre of the Absurd," Adam & Sen, Amartya (In Smith",LITERARY & CRIT STUDIES
9780143105923, The Theory of Moral Sentiments, Michel Benoit,ECONOMY
9781846880629,Thirteenth Apostle, Norman Lewis,FICTION OTHER
9780451161918,Thirty Days To Better English, Khaled Hosseini,REFERENCE
9780747585893, A Thousand Splendid Suns,  Sadegh Hedayat,FICTION OTHER
9781847490551,Three Drops of Blood, Nora Roberts,CLASSICS
9780515135060,Three Fates, J.D. Robb,FICTION OTHER
9780425219713,Three in Death, Leo Tolstoy,THRILLER
9781847491251,Three Novellas, Ayn Rand,CLASSICS
9780451214669,Three Plays, Gerald Rose,FICTION OTHER
9781408813034, The Tiger Skin Rug, H. G. Wells,CHILDREN'S FICTION
9780451528551, The Time Machine, E. R. Braithwaite,FICTION OTHER
9780515105193,To Sir With Love, Jane Hawking,FICTION OTHER
9781846881152,Travelling to Infinity : My Life with St, Lisa Earle Mcleod,BIOGRAPHY/MEMOIR
9780399536434, The Triangle of Truth, Nora Roberts,SELF HELP/DIY
9780515118551,True Betrayals, Natalie Babbit,FICTION OTHER
9780747564171,Tuck Everlasting, William Shakespeare,FICTION OTHER
9780451526762,Twelfth Night, Carole Maggio,DRAMA & THEATRE
9780399536670,Ultimate Facercise, Chet Holmes,HEALTHCARE/MEDICAL
9781591842156, The Ultimate Sales Machine, Harriet Beecher Stowe,BUSINESS
9780451530806,Uncle Tom's Cabin : Signet Classics, Virginia Henley,CLASSICS
9780451210647,Undone,Henley. Virginia,ROMANCE
9780451216274,Unmasked, Nora Roberts,FICTION OTHER
9780515141672,Valley of Silence, Rosie Alison,FICTION OTHER
9781846881008, The Very Thought of You, Stanley Karnow,FICTION OTHER
9780140265477,Vietnam : A History (excl), John Lescroart,HISTORY/POLITICS
9780451219152,Vig, Kapka Kassabova,FICTION OTHER
9781846881510,Villa Pacifica, Nora Roberts,FICTION OTHER
9780515132182, The Villa, Jeffrey Eugenides,FICTION OTHER
9781408825709,Virgin Suicides, Ayn Rand,FICTION OTHER
9780451163936, The Virtue Of Selfishness, Ayn Rand,RELIGION/MYTHOLOGY/PHILOSOPHY/
9780452010468, The Voice Of Reason, Stephen J. Pyne,RELIGION/MYTHOLOGY/PHILOSOPHY/
9780143119593,Voyager, Greg Palast,POPULAR SCIENCE
9780525952077,Vultures' Picnic, William Boyd,BUSINESS
9781408818589,Waiting for Sunrise, Henry David Thoreau,FICTION OTHER
9780451529459,Walden & Civil Disobedience (150Th Anniv, Leo Tolstoy,CLASSICS
9780451530547,War & Peace, Ayn Rand,CLASSICS
9780451187840,We The Living," Ayn & Peikoff, Leonard Rand",FICTION OTHER
9780451233592,We the Living : 75th Anniversary Edition, Maria Bartiromo,CHILDREN'S FICTION
9781591844365,Weekend That Changed Wall Street, Ellen Raskin,ECONOMY
9780142401200, The : Puffin Modern Classi Westing Game, Kevin Kelly,CHILDREN'S FICTION
9780143120179,What Technology Wants, Aaron Copland,NON-FICTION GENERAL
9780451531766,What to Listen For in Music : Signet Cla, Alexander McCall Smith,MUSIC
9780399254543,What You Wish For: A Book for Darfur, Howard Jacobson,
9781408819425, I Don't Like it Whatever it is, T.C. Boyle,NON-FICTION GENERAL
9781408814185,When the Killing's Done," Janet & Harrison, Nanc Pascal",FICTION OTHER
9781408140055,Whitaker's Almanack Pocket Reference 201, Edward Albee,REFERENCE
9780448455853,Who Was Dr. Seuss?, Debi Ghate,
9780451158710,Who'S Afraid Of Virginia Woolf?, T.C. Boyle,DRAMA & THEATRE
9780451232694,Why Businessmen Need Philosophy, Doc Hendley,RELIGION/MYTHOLOGY/PHILOSOPHY/
9781408809495,Wild Child, Roger E. Allen,FICTION OTHER
9781583334621,Wine to Water : A Bartender's Quest to B, Fyodor Dostoevsky,BIOGRAPHY/MEMOIR
9780143119661,Winnie-the-Pooh on Management, Scyld Berry,BUSINESS
9781847490643,Winter Notes on Summer Impressions, Steven Lynch,CLASSICS
9781408138939,Wisden Cricketers' Almanack 2011 Soft co, J. D. Robb,SPORTS
9781408129166,Wisden Guide to International Cricket 20, Elisabeth Beresford,SPORTS
9780425173633,Witness In Death, Frank L Baum,FICTION OTHER
9781408808351,Wombles Go round the World, Daniel Goleman,CHILDREN'S FICTION
9780451530295, The Wonderful Wizard of Oz, John A. Byrne,CLASSICS
9780747543848,Working With Emotional Intelligence (B), Henry Miller,SELF HELP/DIY
9781591844501,World Changers : 25 Entrepreneurs Who Ch, Emily Bronte,BUSINESS
9781847490353,World of Sex, Tonya Reiman,CLASSICS
9780451531797,Wuthering Heights : Signet Classics, Jeffrey M. And Rebec Schwartz,FICTION OTHER
9780452297210, The Yes Factor, Hank Gilman,SELF HELP/DIY
9781583334263,You Are Not Your Brain, Randall Lane,SELF HELP/DIY
9781591843788,You Can't Fire Everyone,Nancy Lublin,BUSINESS
9781591844372,Zeroes,"Lane, Randall",BIOGRAPHY/MEMOIR
9781591844457,Zilch,Nancy Lublin,BUSINESS